brand_slug,name,location_type,region_label,address,url,evidence_url,source_type,source_chain,confidence,notes
farfarawayvillage,東東市,stockist,臺東縣,台東市徐州街293號,,https://www.farfarawayvillage.com/pages/where-to-buy,official_website,official_website → where_to_buy,high,
farfarawayvillage,娜路彎大酒店,stockist,臺東縣,台東市連航路66號,,https://www.farfarawayvillage.com/pages/where-to-buy,official_website,official_website → where_to_buy,high,
farfarawayvillage,輕咖啡,stockist,臺東縣,台東市更生號511號,,https://www.farfarawayvillage.com/pages/where-to-buy,official_website,official_website → where_to_buy,high,
farfarawayvillage,向日葵藍染文創 - 台東,stockist,臺東縣,台東市中興路二段191號庫空間,,https://www.farfarawayvillage.com/pages/where-to-buy,official_website,official_website → where_to_buy,high,
farfarawayvillage,門廷若室 鐵花秀泰館,stockist,臺東縣,台東市新生路96號,,https://www.farfarawayvillage.com/pages/where-to-buy,official_website,official_website → where_to_buy,high,
farfarawayvillage,門廷若室 河堤左岸館,stockist,臺東縣,台東縣台東市開封街818巷2號,,https://www.farfarawayvillage.com/pages/where-to-buy,official_website,official_website → where_to_buy,high,
farfarawayvillage,湯園民宿,stockist,臺東縣,台東市中興路一段225號,,https://www.farfarawayvillage.com/pages/where-to-buy,official_website,official_website → where_to_buy,high,
farfarawayvillage,馬可樓民宿,stockist,臺東縣,台東縣成功鎮豐田路28之1號,,https://www.farfarawayvillage.com/pages/where-to-buy,official_website,official_website → where_to_buy,high,
farfarawayvillage,海景擁月星宿民宿,stockist,臺東縣,台東縣成功鎮豐田路25-1號,,https://www.farfarawayvillage.com/pages/where-to-buy,official_website,official_website → where_to_buy,high,
farfarawayvillage,月光海咖啡屋,stockist,臺東縣,台東縣成功鎮新村路25號都歷遊客中心1F,,https://www.farfarawayvillage.com/pages/where-to-buy,official_website,official_website → where_to_buy,high,
farfarawayvillage,雁窩庭園民宿,stockist,臺東縣,台東縣鹿野鄉永安村鹿寮路51巷5號,,https://www.farfarawayvillage.com/pages/where-to-buy,official_website,official_website → where_to_buy,high,
farfarawayvillage,饗嚮星空,stockist,臺東縣,台東縣鹿野鄉永安村高台路42巷95號,,https://www.farfarawayvillage.com/pages/where-to-buy,official_website,official_website → where_to_buy,high,
farfarawayvillage,興源行民宿,stockist,臺東縣,台東縣關山鎮中山路16號,,https://www.farfarawayvillage.com/pages/where-to-buy,official_website,official_website → where_to_buy,high,
farfarawayvillage,社團法人吳若石神父全人發展協會,stockist,臺東縣,台東縣長濱鄉13鄰258號 長濱天主堂,,https://www.farfarawayvillage.com/pages/where-to-buy,official_website,official_website → where_to_buy,high,
farfarawayvillage,老爺藝品店（知本老爺酒店內）,stockist,臺東縣,台東縣卑南鄉龍泉路113巷23號,,https://www.farfarawayvillage.com/pages/where-to-buy,official_website,official_website → where_to_buy,high,
farfarawayvillage,打個蛋海旅,stockist,臺東縣,台東縣太麻里鄉金崙村4鄰金崙128號,,https://www.farfarawayvillage.com/pages/where-to-buy,official_website,official_website → where_to_buy,high,
farfarawayvillage,Mic Mind Studio,stockist,臺北市,台北市中山區復興北路62號4樓之3,,https://www.farfarawayvillage.com/pages/where-to-buy,official_website,official_website → where_to_buy,high,
farfarawayvillage,花蒔茪,stockist,臺北市,台北市內湖區康寧路三段23號2樓-1,,https://www.farfarawayvillage.com/pages/where-to-buy,official_website,official_website → where_to_buy,high,
farfarawayvillage,天儀管理顧問,stockist,新北市,新北市烏來野要路112-3號,,https://www.farfarawayvillage.com/pages/where-to-buy,official_website,official_website → where_to_buy,high,
farfarawayvillage,安娜貝兒咖啡屋,stockist,新北市,新北市烏來瀑布路233號,,https://www.farfarawayvillage.com/pages/where-to-buy,official_website,official_website → where_to_buy,high,
farfarawayvillage,ㄩˊ事 / Over The Moon Cafe‘,stockist,桃園市,桃園市桃園區中寧街12巷13號,,https://www.farfarawayvillage.com/pages/where-to-buy,official_website,official_website → where_to_buy,high,
farfarawayvillage,Life Light Hair,stockist,桃園市,桃園市中壢區新生路278之11號,,https://www.farfarawayvillage.com/pages/where-to-buy,official_website,official_website → where_to_buy,high,
reminis-candere,筧燭 Reminis Candēre 工作室,showroom_studio,臺北市,台北市大安區泰順街38巷28號1樓,https://reminiscandere.com/,https://reminiscandere.com/,official_website,official_website → studio_visit,high,官方網站寫明歡迎到工作室走走。
miher,茉荷 MIHER 聞香／展示據點,showroom_studio,臺中市,台中市南區愛國街45號,https://www.miher.com.tw/products/product-8D5Y3YxHfHd8xpDBgtp8GY,https://www.miher.com.tw/products/product-8D5Y3YxHfHd8xpDBgtp8GY,official_website,official_website → product_page → physical_try_on,high,
miher,R79中山誠品地下街廣場（小樽咖啡旁）,stockist,臺北市,臺北市中山地下街 R79（小樽咖啡旁）,,https://www.miher.com.tw/articles/article-AGeopFELQXa4iFhKGL2DCe,official_website,official_website → consignment_directory,high,依品牌官方寄售資訊；個別店點實際品項可能不同。
miher,愛手創赤峰街邊店,stockist,臺北市,台北市大同區赤峰街49巷15號,,https://www.miher.com.tw/articles/article-AGeopFELQXa4iFhKGL2DCe,official_website,official_website → consignment_directory,high,依品牌官方寄售資訊；個別店點實際品項可能不同。
miher,愛手創中山漫讀選物店,stockist,臺北市,台北市大同區赤峰街75號1樓,,https://www.miher.com.tw/articles/article-AGeopFELQXa4iFhKGL2DCe,official_website,official_website → consignment_directory,high,依品牌官方寄售資訊；個別店點實際品項可能不同。
miher,京站時尚廣場 2F Chi's 專櫃,stockist,臺北市,台北市大同區承德路一段1號2F,,https://www.miher.com.tw/articles/article-AGeopFELQXa4iFhKGL2DCe,official_website,official_website → consignment_directory,high,依品牌官方寄售資訊；個別店點實際品項可能不同。
miher,板橋誠品 4F Chi's 專櫃,stockist,新北市,新北市板橋區中山路一段46號4F,,https://www.miher.com.tw/articles/article-AGeopFELQXa4iFhKGL2DCe,official_website,official_website → consignment_directory,high,依品牌官方寄售資訊；個別店點實際品項可能不同。
miher,竹北遠百 5F 圓環,stockist,新竹縣,新竹縣竹北市莊敬北路18號5F,,https://www.miher.com.tw/articles/article-AGeopFELQXa4iFhKGL2DCe,official_website,official_website → consignment_directory,high,依品牌官方寄售資訊；個別店點實際品項可能不同。
miher,耀茶拾刻 興大女宿1F,stockist,臺中市,台中市南區國光路250號 興大女宿1F,,https://www.miher.com.tw/articles/article-AGeopFELQXa4iFhKGL2DCe,official_website,official_website → consignment_directory,high,依品牌官方寄售資訊；個別店點實際品項可能不同。
miher,Athena·flower 花·日子,stockist,臺中市,台中市,,https://www.miher.com.tw/articles/article-AGeopFELQXa4iFhKGL2DCe,official_website,official_website → consignment_directory,high,依品牌官方寄售資訊；個別店點實際品項可能不同。
miher,舊火車站 鐵道驛站,stockist,臺中市,台中市中區台灣大道一段1號,,https://www.miher.com.tw/articles/article-AGeopFELQXa4iFhKGL2DCe,official_website,official_website → consignment_directory,high,依品牌官方寄售資訊；個別店點實際品項可能不同。
miher,虎尾建國眷村 有點小物,stockist,雲林縣,雲林縣虎尾鎮建國一村,,https://www.miher.com.tw/articles/article-AGeopFELQXa4iFhKGL2DCe,official_website,official_website → consignment_directory,high,依品牌官方寄售資訊；個別店點實際品項可能不同。
miher,文化路夜市 CHUCKY 選品,stockist,嘉義市,嘉義市文化路夜市,,https://www.miher.com.tw/articles/article-AGeopFELQXa4iFhKGL2DCe,official_website,official_website → consignment_directory,high,依品牌官方寄售資訊；個別店點實際品項可能不同。
miher,林好商店 2F TORi Beauty,stockist,臺南市,台南市中西區中正路31號2F,,https://www.miher.com.tw/articles/article-AGeopFELQXa4iFhKGL2DCe,official_website,official_website → consignment_directory,high,依品牌官方寄售資訊；個別店點實際品項可能不同。
miher,FOCUS 1F TORi Beauty,stockist,臺南市,台南市中西區中山路166號1F,,https://www.miher.com.tw/articles/article-AGeopFELQXa4iFhKGL2DCe,official_website,official_website → consignment_directory,high,依品牌官方寄售資訊；個別店點實際品項可能不同。
miher,收藏職人選物,stockist,臺南市,台南市中西區神農街88號,,https://www.miher.com.tw/articles/article-AGeopFELQXa4iFhKGL2DCe,official_website,official_website → consignment_directory,high,依品牌官方寄售資訊；個別店點實際品項可能不同。
miher,森參會館｜裁縫師咖啡,stockist,臺南市,台南市,,https://www.miher.com.tw/articles/article-AGeopFELQXa4iFhKGL2DCe,official_website,official_website → consignment_directory,high,依品牌官方寄售資訊；個別店點實際品項可能不同。
miher,漢神巨蛋 8F,stockist,高雄市,高雄市左營區博愛二路777號8F,,https://www.miher.com.tw/articles/article-AGeopFELQXa4iFhKGL2DCe,official_website,official_website → consignment_directory,high,依品牌官方寄售資訊；個別店點實際品項可能不同。
miher,美濃菸仕物所,stockist,高雄市,高雄市美濃區,,https://www.miher.com.tw/articles/article-AGeopFELQXa4iFhKGL2DCe,official_website,official_website → consignment_directory,high,依品牌官方寄售資訊；個別店點實際品項可能不同。
miher,高雄大遠百 12F,stockist,高雄市,高雄市苓雅區三多四路21號12F,,https://www.miher.com.tw/articles/article-AGeopFELQXa4iFhKGL2DCe,official_website,official_website → consignment_directory,high,依品牌官方寄售資訊；個別店點實際品項可能不同。
miher,義大世界 B1 A區,stockist,高雄市,高雄市大樹區學城路一段12號B1 A區,,https://www.miher.com.tw/articles/article-AGeopFELQXa4iFhKGL2DCe,official_website,official_website → consignment_directory,high,依品牌官方寄售資訊；個別店點實際品項可能不同。
miher,左營新光三越 B2 彩虹市集,stockist,高雄市,高雄市左營區高鐵路123號B2,,https://www.miher.com.tw/articles/article-AGeopFELQXa4iFhKGL2DCe,official_website,official_website → consignment_directory,high,依品牌官方寄售資訊；個別店點實際品項可能不同。
miher,屏東環球購物中心 6F,stockist,屏東縣,屏東縣屏東市仁愛路90號6F,,https://www.miher.com.tw/articles/article-AGeopFELQXa4iFhKGL2DCe,official_website,official_website → consignment_directory,high,依品牌官方寄售資訊；個別店點實際品項可能不同。
miher,地景澤行館,stockist,臺東縣,台東縣,,https://www.miher.com.tw/articles/article-AGeopFELQXa4iFhKGL2DCe,official_website,official_website → consignment_directory,high,依品牌官方寄售資訊；個別店點實際品項可能不同。
yufutang,美的代妍經典美顏中心,stockist,彰化縣,彰化縣埔心鄉經口村中山路153巷3弄22-1號,,https://www.yufutang.com.tw/page/yufutang-partner,official_website,official_website → partner_directory,high,
yufutang,PENNY SPA,stockist,新北市,新北市三重區慈愛街171號1樓,,https://www.yufutang.com.tw/page/yufutang-partner,official_website,official_website → partner_directory,high,
yufutang,SKINBONBON 美．時光,stockist,桃園市,桃園市桃園區大興西路一段218號3樓,,https://www.yufutang.com.tw/page/yufutang-partner,official_website,official_website → partner_directory,high,
yufutang,susingchan 大墩店,stockist,臺中市,台中市西屯區大墩十七街68號2樓,,https://www.yufutang.com.tw/page/yufutang-partner,official_website,official_website → partner_directory,high,
yufutang,莎鹿欣美學,stockist,臺中市,台中市沙鹿區東晉二街217號,,https://www.yufutang.com.tw/page/yufutang-partner,official_website,official_website → partner_directory,high,
yufutang,JiYuSkincare,stockist,臺中市,台中市北屯區文昌東五街43號,,https://www.yufutang.com.tw/page/yufutang-partner,official_website,official_website → partner_directory,high,
yufutang,蓁妍室 True Face,stockist,臺中市,台中市西區南屯路一段77號,,https://www.yufutang.com.tw/page/yufutang-partner,official_website,official_website → partner_directory,high,
yufutang,MISS BELLO 貝蘿小姐,stockist,臺南市,台南市東區東光路二段124號,,https://www.yufutang.com.tw/page/yufutang-partner,official_website,official_website → partner_directory,high,
yufutang,Colorful BeautyLab 卡芙美研,stockist,臺南市,台南市永康區鹽洲一街53號,,https://www.yufutang.com.tw/page/yufutang-partner,official_website,official_website → partner_directory,high,
yufutang,育膚堂合作夥伴（loveeyelashes）,stockist,臺南市,台南市安平區育平路27號,,https://www.yufutang.com.tw/page/yufutang-partner,official_website,official_website → partner_directory,high,
yufutang,菲堤舒療美顏 總部,stockist,臺南市,台南市南區金華路二段203號,,https://www.yufutang.com.tw/page/yufutang-partner,official_website,official_website → partner_directory,high,
yufutang,菲堤舒療美顏 本館,stockist,臺南市,台南市南區聖南街17號,,https://www.yufutang.com.tw/page/yufutang-partner,official_website,official_website → partner_directory,high,
yufutang,紐緹絲概念美學,stockist,臺南市,台南市北區文成一路162號,,https://www.yufutang.com.tw/page/yufutang-partner,official_website,official_website → partner_directory,high,
yufutang,LydiaBeauty,stockist,高雄市,高雄市鳳山區文龍東路245號,,https://www.yufutang.com.tw/page/yufutang-partner,official_website,official_website → partner_directory,high,
yufutang,faceme,stockist,高雄市,高雄市楠梓區德賢路220巷87弄1號2樓,,https://www.yufutang.com.tw/page/yufutang-partner,official_website,official_website → partner_directory,high,
pang,A SCENT,stockist,臺北市,106071臺北市大安區光武里大安路一段51巷50號1樓,,https://www.pangscent.com/stores,official_website,official_website → stores,high,
pang,春米秧行 Chunmi Select,stockist,臺北市,103臺北市大同區迪化街一段72巷28號,,https://www.pangscent.com/stores,official_website,official_website → stores,high,
pang,水水生活旗艦店,stockist,臺北市,108臺北市萬華區成都路24號,,https://www.pangscent.com/stores,official_website,official_website → stores,high,
pang,縷縷 Bit by Bit,stockist,新北市,新北市板橋區文化路一段47號1樓,,https://www.pangscent.com/stores,official_website,official_website → stores,high,僅線香品項。
pang,WET Ethical Select Shop 道德選品店,stockist,臺中市,401臺中市東區復興路四段17巷10號1樓（台中富興工廠1962）,,https://www.pangscent.com/stores,official_website,official_website → stores,high,
pang,"白日, 夢霧所－蝸牛市吉",stockist,臺南市,70048臺南市中西區中正路138巷10號（蝸牛巷）,,https://www.pangscent.com/stores,official_website,official_website → stores,high,
pang,承風書店 City Wind Books,stockist,高雄市,高雄市前鎮區林森四路189號7樓（承億酒店7F）,,https://www.pangscent.com/stores,official_website,official_website → stores,high,
pang,洋洋本屋,stockist,高雄市,807高雄市三民區松江街59號,,https://www.pangscent.com/stores,official_website,official_website → stores,high,
pang,原石商行,stockist,高雄市,高雄市鹽埕區光榮街7巷7號,,https://www.pangscent.com/stores,official_website,official_website → stores,high,
pang,Auntie Cafe,other_physical_retail,高雄市,801高雄市前金區仁義街306號,,https://www.pangscent.com/stores,official_website,official_website → stores → scent_only,high,品牌官方列為聞香據點；僅供聞香／無販售。
pang,午安午安ㄨㄢㄨㄢ選物,other_physical_retail,高雄市,802高雄市苓雅區青年一路261巷1號（萬吧內的小角落）,,https://www.pangscent.com/stores,official_website,official_website → stores → scent_only,high,品牌官方列為聞香據點；僅供聞香／無販售。
picupi,picupi挑品｜Net Zero Living Lab 零廢棄形象概念店,direct_store,臺北市,台北市信義區吳興街156巷22弄12號1樓,https://www.picupi.com/salesbase,https://www.picupi.com/salesbase,official_website,official_website → salesbase,high,
picupi,微風超市｜微風廣場店,stockist,臺北市,台北市中山區復興南路一段39號B2,,https://www.picupi.com/salesbase,official_website,official_website → salesbase,high,
picupi,新光三越美麗市場｜台北南西店一館,stockist,臺北市,台北市中山區南京西路12號B2F,,https://www.picupi.com/salesbase,official_website,official_website → salesbase,high,
picupi,新光三越美麗市場｜台北站前店,stockist,臺北市,台北市中正區忠孝西路一段66號B2F,,https://www.picupi.com/salesbase,official_website,official_website → salesbase,high,
picupi,新光三越美麗市場｜台北信義A4,stockist,臺北市,台北市信義區松高路19號B2F,,https://www.picupi.com/salesbase,official_website,official_website → salesbase,high,
picupi,新光三越美麗市場｜台北信義A8,stockist,臺北市,台北市信義區松高路12號B2F,,https://www.picupi.com/salesbase,official_website,official_website → salesbase,high,
picupi,新光三越美麗市場｜台北信義A11,stockist,臺北市,台北市信義區松壽路11號B2F,,https://www.picupi.com/salesbase,official_website,official_website → salesbase,high,
picupi,新光三越美麗市場｜台北天母店一館,stockist,臺北市,台北市士林區天母東路68號B1F,,https://www.picupi.com/salesbase,official_website,official_website → salesbase,high,
picupi,新光三越美麗市場｜台中中港店,stockist,臺中市,台中市西屯區台灣大道三段301號B2F,,https://www.picupi.com/salesbase,official_website,official_website → salesbase,high,
picupi,新光三越美麗市場｜嘉義垂楊店,stockist,嘉義市,嘉義市西區垂楊路726號B1F,,https://www.picupi.com/salesbase,official_website,official_website → salesbase,high,
picupi,新光三越美麗市場｜台南中山店,stockist,臺南市,台南市中西區中山路162號B2F,,https://www.picupi.com/salesbase,official_website,official_website → salesbase,high,
picupi,新光三越美麗市場｜台南新天地（本館）,stockist,臺南市,台南市中西區西門路一段658號B2F,,https://www.picupi.com/salesbase,official_website,official_website → salesbase,high,
picupi,新光三越美麗市場｜高雄左營店,stockist,高雄市,高雄市左營區高鐵路123號B2F,,https://www.picupi.com/salesbase,official_website,official_website → salesbase,high,
picupi,新光三越美麗市場｜高雄三多店,stockist,高雄市,高雄市前鎮區三多三路213號B2F,,https://www.picupi.com/salesbase,official_website,official_website → salesbase,high,
picupi,果嶼 島嶼選物｜永康店,stockist,臺北市,台北市大安區永康街37巷2之3號1樓,,https://www.picupi.com/salesbase,official_website,official_website → salesbase,high,
picupi,果嶼 島嶼選物｜北車店,stockist,臺北市,台北市中正區忠孝西路一段49號B1F,,https://www.picupi.com/salesbase,official_website,official_website → salesbase,high,
picupi,貝殼好室 BackerHouse｜群眾集資體驗店,stockist,臺北市,台北市大同區迪化街一段155號,,https://www.picupi.com/salesbase,official_website,official_website → salesbase,high,
picupi,slowood｜堅尼地城分店,stockist,香港,香港堅尼地城爹核士街11號浚峯地下2-3號,,https://www.picupi.com/salesbase,official_website,official_website → salesbase,high,
picupi,slowood｜中環街市分店,stockist,香港,香港中環德輔道中80號中環街市2樓231-233號舖,,https://www.picupi.com/salesbase,official_website,official_website → salesbase,high,
picupi,Bowwow+ 包旺家寵物選品店,stockist,臺中市,台中市北屯區軍功里軍福十八路288號,,https://www.picupi.com/salesbase,official_website,official_website → salesbase,high,
uffy,誠品生活南西店,department_store_counter,臺北市,104台北市中山區南京西路14號4F,,https://www.uffy.life/pages/uffyplaceofsale,official_website,official_website → physical_sales_points,high,品牌官方列為直營櫃點。
uffy,京站時尚廣場 京站店,department_store_counter,臺北市,103台北市大同區承德路一段1號1F,,https://www.uffy.life/pages/uffyplaceofsale,official_website,official_website → physical_sales_points,high,品牌官方列為直營櫃點。
uffy,高雄統一時代百貨,department_store_counter,高雄市,806高雄市前鎮區中華五路789號B1,,https://www.uffy.life/pages/uffyplaceofsale,official_website,official_website → physical_sales_points,high,品牌官方列為直營櫃點。
uffy,設計點 Design Pin,stockist,臺北市,110台北市信義區光復南路133號,,https://www.uffy.life/pages/uffyplaceofsale,official_website,official_website → physical_sales_points,high,
uffy,華山未來市,stockist,臺北市,100臺北市中正區八德路一段1號,,https://www.uffy.life/pages/uffyplaceofsale,official_website,official_website → physical_sales_points,high,
uffy,好感生活-京站店,stockist,臺北市,103台北市大同區承德路一段1號4F,,https://www.uffy.life/pages/uffyplaceofsale,official_website,official_website → physical_sales_points,high,
uffy,三創 創Q SPACE,stockist,臺北市,台北市中正區市民大道三段2號2F,,https://www.uffy.life/pages/uffyplaceofsale,official_website,official_website → physical_sales_points,high,
uffy,來好 LAI HAO 永康本店,stockist,臺北市,106台北市大安區永康街6巷11號,,https://www.uffy.life/pages/uffyplaceofsale,official_website,official_website → physical_sales_points,high,
uffy,來好 LAI HAO 西門分店,stockist,臺北市,108台北市萬華區西寧南路169號,,https://www.uffy.life/pages/uffyplaceofsale,official_website,official_website → physical_sales_points,high,
uffy,來好 LAI HAO 凱薩分店,stockist,臺北市,100台北市中正區忠孝西路一段38號1F,,https://www.uffy.life/pages/uffyplaceofsale,official_website,official_website → physical_sales_points,high,
uffy,HANDS 台隆手創館 南港LALAPORT店,stockist,臺北市,115台北市南港區經貿二路131號3F,,https://www.uffy.life/pages/uffyplaceofsale,official_website,official_website → physical_sales_points,high,
uffy,HANDS 台隆手創館 美麗華店,stockist,臺北市,10491台北市中山區敬業三路20號,,https://www.uffy.life/pages/uffyplaceofsale,official_website,official_website → physical_sales_points,high,
uffy,HANDS 台隆手創館 京站店,stockist,臺北市,台北市大同區承德路一段1號3F,,https://www.uffy.life/pages/uffyplaceofsale,official_website,official_website → physical_sales_points,high,
uffy,HANDS 台隆手創館 SOGO復興店,stockist,臺北市,106台北市大安區忠孝東路三段300號8樓,,https://www.uffy.life/pages/uffyplaceofsale,official_website,official_website → physical_sales_points,high,
uffy,HANDS 台隆手創館 板橋大遠百,stockist,新北市,220新北市板橋區新站路28號7樓,,https://www.uffy.life/pages/uffyplaceofsale,official_website,official_website → physical_sales_points,high,
uffy,蔦屋書店 南港店,stockist,臺北市,115台北市南港區忠孝東路七段369號2F,,https://www.uffy.life/pages/uffyplaceofsale,official_website,official_website → physical_sales_points,high,
uffy,蔦屋書店 松山店,stockist,臺北市,110台北市信義區松山路11號3F,,https://www.uffy.life/pages/uffyplaceofsale,official_website,official_website → physical_sales_points,high,
uffy,蔦屋書店 內湖店,stockist,臺北市,114台北市內湖區成功路四段188號,,https://www.uffy.life/pages/uffyplaceofsale,official_website,official_website → physical_sales_points,high,
uffy,OrigInn ‧ Space,stockist,臺北市,103台北市大同區南京西路247號,,https://www.uffy.life/pages/uffyplaceofsale,official_website,official_website → physical_sales_points,high,
uffy,Comma Hair Salon,stockist,臺北市,111台北市士林區磺溪街90號,,https://www.uffy.life/pages/uffyplaceofsale,official_website,official_website → physical_sales_points,high,
uffy,圈圈 Chuan Chuan Studio,stockist,臺北市,106台北市大安區仁愛路四段306號7樓,,https://www.uffy.life/pages/uffyplaceofsale,official_website,official_website → physical_sales_points,high,
uffy,或者風旅,stockist,新竹市,300新竹市東區大同路175號,,https://www.uffy.life/pages/uffyplaceofsale,official_website,official_website → physical_sales_points,high,
uffy,Haven Hair,stockist,新竹市,新竹市東區北大路92巷40弄1號1樓,,https://www.uffy.life/pages/uffyplaceofsale,official_website,official_website → physical_sales_points,high,
uffy,HANDS 台隆手創館 台中中港店,stockist,臺中市,407台中市西屯區台灣大道三段301號8樓,,https://www.uffy.life/pages/uffyplaceofsale,official_website,official_website → physical_sales_points,high,
uffy,HANDS 台隆手創館 台中SOGO店,stockist,臺中市,407台中市西區台灣大道二段459號B1,,https://www.uffy.life/pages/uffyplaceofsale,official_website,official_website → physical_sales_points,high,
uffy,HANDS 台隆手創館 台中大遠百店,stockist,臺中市,407台中市西屯區台灣大道三段251號9樓,,https://www.uffy.life/pages/uffyplaceofsale,official_website,official_website → physical_sales_points,high,
uffy,HANDS 台隆手創館 台中LALAPORT店,stockist,臺中市,台中市東區進德路700號2F,,https://www.uffy.life/pages/uffyplaceofsale,official_website,official_website → physical_sales_points,high,
uffy,全國電子 文心七期店,stockist,臺中市,408034台中市南屯區文心路一段413號,,https://www.uffy.life/pages/uffyplaceofsale,official_website,official_website → physical_sales_points,high,
uffy,橙黎髮廊,stockist,臺中市,437台中市大甲區孔雀路38巷13-1號1樓,,https://www.uffy.life/pages/uffyplaceofsale,official_website,official_website → physical_sales_points,high,
uffy,知事官邸生活館,stockist,臺南市,701台南市東區衛民街1號,,https://www.uffy.life/pages/uffyplaceofsale,official_website,official_website → physical_sales_points,high,
uffy,全國電子 善化店,stockist,臺南市,台南市善化區中正路203號、205號、207號,,https://www.uffy.life/pages/uffyplaceofsale,official_website,official_website → physical_sales_points,high,
uffy,蔦屋書店 高雄大立店,stockist,高雄市,801高雄市前金區五福三路57號1-2樓（大立百貨A棟）,,https://www.uffy.life/pages/uffyplaceofsale,official_website,official_website → physical_sales_points,high,
jan-dan,誠品生活南西 3F,stockist,臺北市,台北市中山區南京西路14號3F,,https://www.jandancare.com/pages/faq,official_website,official_website → faq → physical_sales,high,
nomel-nomel,nomel 台北大安門市,direct_store,臺北市,台北市大安區大安路一段85號1樓,,https://www.nomelnomel.com/pages/stores,official_website,official_website → stores,high,
nomel-nomel,新光三越 台北信義新天地 A11 門市,department_store_counter,臺北市,台北市信義區松壽路11號B1樓,,https://www.nomelnomel.com/pages/stores,official_website,official_website → stores,high,
nomel-nomel,新光三越 台中中港門市,department_store_counter,臺中市,台中市西屯區臺灣大道三段301號B1樓,,https://www.nomelnomel.com/pages/stores,official_website,official_website → stores,high,
nomel-nomel,新光三越 台南小北門門市,department_store_counter,臺南市,台南市北區西門路四段135號2F,,https://www.nomelnomel.com/pages/stores,official_website,official_website → stores,high,
nomel-nomel,漢神巨蛋購物廣場門市,department_store_counter,高雄市,高雄市左營區博愛二路777號5樓,,https://www.nomelnomel.com/pages/stores,official_website,official_website → stores,high,
laboratory-scent,雨島旅店,stockist,基隆市,基隆市仁愛區仁三路8號,,https://www.laboratoryscent.com/pages/%E9%8A%B7%E5%94%AE%E6%93%9A%E9%BB%9E,official_website,official_website → sales_locations,high,
laboratory-scent,誠品生活南西店 - expo SELECT,stockist,臺北市,台北市中山區南京西路14號4樓,,https://www.laboratoryscent.com/pages/%E9%8A%B7%E5%94%AE%E6%93%9A%E9%BB%9E,official_website,official_website → sales_locations,high,
laboratory-scent,誠品生活松菸店 - expo,stockist,臺北市,台北市信義區菸廠路88號2F,,https://www.laboratoryscent.com/pages/%E9%8A%B7%E5%94%AE%E6%93%9A%E9%BB%9E,official_website,official_website → sales_locations,high,
laboratory-scent,Qsquare 京站時尚廣場 - expo BEAUTY,stockist,臺北市,台北市大同區承德路一段1號B1,,https://www.laboratoryscent.com/pages/%E9%8A%B7%E5%94%AE%E6%93%9A%E9%BB%9E,official_website,official_website → sales_locations,high,
laboratory-scent,誠品生活巨城店 - expo SELECT,stockist,新竹市,新竹市中央路229號5F,,https://www.laboratoryscent.com/pages/%E9%8A%B7%E5%94%AE%E6%93%9A%E9%BB%9E,official_website,official_website → sales_locations,high,
laboratory-scent,誠品生活480 - expo SELECT,stockist,臺中市,台中巿西屯區市政路480號4F,,https://www.laboratoryscent.com/pages/%E9%8A%B7%E5%94%AE%E6%93%9A%E9%BB%9E,official_website,official_website → sales_locations,high,
laboratory-scent,實驗室香氛 實驗概念店,direct_store,臺南市,臺南市南區國宅里中華西路一段76號2樓,,https://www.laboratoryscent.com/pages/%E9%8A%B7%E5%94%AE%E6%93%9A%E9%BB%9E,official_website,official_website → sales_locations,high,
zoodi,Little Milky Way 親子選品店,stockist,臺北市,104台北市中山區吉林路161巷2號,,https://zoodi.com.tw/store-location,official_website,official_website → store_locator,high,
zoodi,安琪兒 福州旗艦店,stockist,臺北市,台北市中正區福州街11-5號,,https://zoodi.com.tw/store-location,official_website,official_website → store_locator,high,
zoodi,安琪兒 大直忠泰店,stockist,臺北市,台北市中山區樂群三路200號4樓（06+07櫃位）,,https://zoodi.com.tw/store-location,official_website,official_website → store_locator,high,
zoodi,安琪兒 八德店,stockist,臺北市,台北市松山區八德路二段441號,,https://zoodi.com.tw/store-location,official_website,official_website → store_locator,high,
zoodi,安琪兒 內湖店,stockist,臺北市,台北市內湖區文德路36號,,https://zoodi.com.tw/store-location,official_website,official_website → store_locator,high,
zoodi,安琪兒 國泰店,stockist,臺北市,台北市大安區仁愛路四段266巷15弄2號,,https://zoodi.com.tw/store-location,official_website,official_website → store_locator,high,
zoodi,安琪兒 和平店,stockist,臺北市,台北市大安區和平東路一段274-1號1樓及B1,,https://zoodi.com.tw/store-location,official_website,official_website → store_locator,high,
zoodi,安琪兒 新北中和體驗店,stockist,新北市,新北市中和區建康路10號2樓,,https://zoodi.com.tw/store-location,official_website,official_website → store_locator,high,
zoodi,安琪兒 新北板橋新板店,stockist,新北市,新北市板橋區中山路一段208號,,https://zoodi.com.tw/store-location,official_website,official_website → store_locator,high,
zoodi,安琪兒 新北林口仁愛旗艦店,stockist,新北市,新北市林口區仁愛路二段163號,,https://zoodi.com.tw/store-location,official_website,official_website → store_locator,high,
zoodi,安琪兒 新北中和環球店,stockist,新北市,新北市中和區中山路三段122號3樓（櫃位319-1區）,,https://zoodi.com.tw/store-location,official_website,official_website → store_locator,high,
zoodi,安琪兒 蘆洲長榮店,stockist,新北市,新北市蘆洲區長榮路375-1號,,https://zoodi.com.tw/store-location,official_website,official_website → store_locator,high,
zoodi,安琪兒 桃園旗艦店,stockist,桃園市,桃園市桃園區經國二路52號1樓,,https://zoodi.com.tw/store-location,official_website,official_website → store_locator,high,
zoodi,安琪兒 桃園環球店（A19站）,stockist,桃園市,桃園市桃園區高鐵南路二段352號3樓（317櫃位）,,https://zoodi.com.tw/store-location,official_website,official_website → store_locator,high,
zoodi,安琪兒 桃園慈文店,stockist,桃園市,桃園市桃園區慈文路808號1、2樓,,https://zoodi.com.tw/store-location,official_website,official_website → store_locator,high,
zoodi,安琪兒 新竹竹北旗艦店,stockist,新竹縣,新竹縣竹北市博愛街551號1樓,,https://zoodi.com.tw/store-location,official_website,official_website → store_locator,high,
zoodi,安琪兒 台中廣三SOGO店,stockist,臺中市,台中市西區臺灣大道二段459號8樓,,https://zoodi.com.tw/store-location,official_website,official_website → store_locator,high,
zoodi,安琪兒 台中旗艦店,stockist,臺中市,台中市西屯區福玄路83號,,https://zoodi.com.tw/store-location,official_website,official_website → store_locator,high,
zoodi,安琪兒 台中豐原店,stockist,臺中市,台中市豐原區圓環北路一段298號1樓,,https://zoodi.com.tw/store-location,official_website,official_website → store_locator,high,
zoodi,傑西寶寶 大安門市,stockist,臺北市,台北市大安區光復南路442號,,https://zoodi.com.tw/store-location,official_website,official_website → store_locator,high,
zoodi,傑西寶寶 中和門市,stockist,新北市,新北市中和區中山路三段173號,,https://zoodi.com.tw/store-location,official_website,official_website → store_locator,high,
zoodi,傑西寶寶 慈文門市,stockist,桃園市,桃園市桃園區慈文路819號,,https://zoodi.com.tw/store-location,official_website,official_website → store_locator,high,
zoodi,傑西寶寶 北屯門市,stockist,臺中市,台中市北屯區松竹五路一段280號,,https://zoodi.com.tw/store-location,official_website,official_website → store_locator,high,
zoodi,傑西寶寶 永康門市,stockist,臺南市,台南市永康區東橋十街100號,,https://zoodi.com.tw/store-location,official_website,official_website → store_locator,high,
zoodi,傑西寶寶 中山門市,stockist,高雄市,高雄市苓雅區中山二路355號,,https://zoodi.com.tw/store-location,official_website,official_website → store_locator,high,
zoodi,Little Wonders,stockist,臺中市,台中市沙鹿區北勢東路453號,,https://zoodi.com.tw/store-location,official_website,official_website → store_locator,high,
zoodi,Little Wonders 誠品480,stockist,臺中市,台中市西屯區市政路480號5樓,,https://zoodi.com.tw/store-location,official_website,official_website → store_locator,high,
zoodi,麗兒采家 河南店,stockist,臺中市,台中市西屯區上安里河南路二段500-7號,,https://zoodi.com.tw/store-location,official_website,official_website → store_locator,high,
zoodi,麗兒采家 大墩旗艦店,stockist,臺中市,台中市南屯區惠中里向上路一段604號,,https://zoodi.com.tw/store-location,official_website,official_website → store_locator,high,
zoodi,麗兒采家 大里國光店,stockist,臺中市,台中市大里區永隆里國光路二段419號,,https://zoodi.com.tw/store-location,official_website,official_website → store_locator,high,
mooni,和平島公園 Heping Island Park,stockist,基隆市,基隆市中正區平一路360號,,https://www.mooni.com.tw/pages/shop,official_website,official_website → consignment_points,high,
mooni,八斗邀友善餐廳,stockist,基隆市,基隆市中正區八斗街35號,,https://www.mooni.com.tw/pages/shop,official_website,official_website → consignment_points,high,
mooni,禾煦熊空選物店,stockist,新北市,新北市三峽區竹崙路238號,,https://www.mooni.com.tw/pages/shop,official_website,official_website → consignment_points,high,
mooni,簡塑慢行（無包裝商店）,stockist,臺北市,台北市北投區中正街49巷35號1樓,,https://www.mooni.com.tw/pages/shop,official_website,official_website → consignment_points,high,
mooni,綠享家（無包裝商店）,stockist,臺中市,台中市南屯區黎明東街47號,,https://www.mooni.com.tw/pages/shop,official_website,official_website → consignment_points,high,
mooni,十ㄦˋ工作室 選物店,stockist,彰化縣,彰化市長安街76巷7-2號2樓,,https://www.mooni.com.tw/pages/shop,official_website,official_website → consignment_points,high,
mooni,林好商店 LIN HAO STORE 2F TORi Beauty,stockist,臺南市,台南市中西區中正路31號,,https://www.mooni.com.tw/pages/shop,official_website,official_website → consignment_points,high,
mooni,小沐屋工作室,stockist,屏東縣,屏東縣潮州鎮建基路73號,,https://www.mooni.com.tw/pages/shop,official_website,official_website → consignment_points,high,
contin,小三美日 鹿港總倉,stockist,彰化縣,彰化縣鹿港鎮埔崙里海浴路392號,,https://www.icontin.tw/pages/buy,official_website,official_website → where_to_buy,high,
hero-herb,京站時尚廣場 - 台隆手創館,stockist,臺北市,台北市大同區承德路一段1號3樓,,https://www.heroherb.co/pages/retailer,official_website,official_website → retailer_directory,high,
hero-herb,美麗華本館 - 台隆手創館,stockist,臺北市,台北市中山區敬業三路20號3樓,,https://www.heroherb.co/pages/retailer,official_website,official_website → retailer_directory,high,
hero-herb,遠東SOGO百貨復興館 - 台隆手創館,stockist,臺北市,台北市忠孝東路三段300號8樓,,https://www.heroherb.co/pages/retailer,official_website,official_website → retailer_directory,high,
hero-herb,南港LaLaport - 台隆手創館,stockist,臺北市,台北市南港區經貿二路131號3樓,,https://www.heroherb.co/pages/retailer,official_website,official_website → retailer_directory,high,
hero-herb,板橋大遠百 - 台隆手創館,stockist,新北市,新北市板橋區新站路28號7樓,,https://www.heroherb.co/pages/retailer,official_website,official_website → retailer_directory,high,
hero-herb,李九英 迪化街純香麻油老舖,stockist,臺北市,臺北市大同區南芳里迪化街一段347號,,https://www.heroherb.co/pages/retailer,official_website,official_website → retailer_directory,high,
hero-herb,俏媽咪親子生活館,stockist,新竹縣,新竹縣竹北市莊敬南路100號,,https://www.heroherb.co/pages/retailer,official_website,official_website → retailer_directory,high,
hero-herb,媽咪寶貝,stockist,新竹市,新竹市東區自由路101號,,https://www.heroherb.co/pages/retailer,official_website,official_website → retailer_directory,high,
hero-herb,台中LaLaport - 台隆手創館,stockist,臺中市,台中市東區進德路700號南棟2樓,,https://www.heroherb.co/pages/retailer,official_website,official_website → retailer_directory,high,
hero-herb,廣三SOGO百貨 - 台隆手創館,stockist,臺中市,台中市西區台灣大道二段459號B1樓,,https://www.heroherb.co/pages/retailer,official_website,official_website → retailer_directory,high,
hero-herb,台中大遠百 - 台隆手創館,stockist,臺中市,台中市台灣大道三段251號9樓,,https://www.heroherb.co/pages/retailer,official_website,official_website → retailer_directory,high,
hero-herb,麗兒采家 大墩門市,stockist,臺中市,台中市南屯區向上路一段604號,,https://www.heroherb.co/pages/retailer,official_website,official_website → retailer_directory,high,
hero-herb,麗兒采家 進化門市,stockist,臺中市,台中市北屯區進化北路55-1號,,https://www.heroherb.co/pages/retailer,official_website,official_website → retailer_directory,high,
hero-herb,麗兒采家 河南門市,stockist,臺中市,台中市西屯區河南路二段500號,,https://www.heroherb.co/pages/retailer,official_website,official_website → retailer_directory,high,
hero-herb,樂森藥局,stockist,臺南市,台南市北區和緯路二段336號,,https://www.heroherb.co/pages/retailer,official_website,official_website → retailer_directory,high,
take-a-snooze,創QSPACE 桃園台茂購物中心,stockist,桃園市,桃園市蘆竹區南崁路一段112號B1,,https://www.threads.com/@takeasnooze.tw,official_social_post,official_threads → current_stockist_post,high,
take-a-snooze,ATT 4 FUN 信義店,stockist,臺北市,臺北市信義區松壽路12號2樓,,https://www.threads.com/@takeasnooze.tw,official_social_post,official_threads → current_stockist_post,high,
likedo,天然客製皂專門 LIKEDO,showroom_studio,臺北市,台北市中正區汀州路一段370號,https://www.facebook.com/likedo370/,https://www.facebook.com/likedo370/,official_social_post,official_facebook → physical_course_shop,medium,官方資訊支持實體課程／商品服務。
inzense,禪香不二 Inzense 誠品生活板橋店,shop_in_shop,新北市,新北市板橋區中山路一段46號4樓,,https://www.instagram.com/inzense.tw/,instagram_bio,instagram_profile → current_store_information,high,
permeate,A SCENT,stockist,臺北市,台北市大安區大安路一段51巷50號1樓,https://www.ascenttw.com/,https://www.ascenttw.com/,retailer_website,retailer_website → brand_selection,medium,A SCENT 現行選品頁列出 PERMEATE。
lsy-lamsamyick,LSY林三益旗艦店,direct_store,臺北市,103台北市大同區重慶北路二段58號,,https://www.lsy031.com/physical_store.php,official_website,official_website → physical_store,high,
lsy-lamsamyick,三友藥妝Tomod's 北捷市政府店,stockist,臺北市,110台北市信義區忠孝東路五段2號B1,,https://www.lsy031.com/physical_store.php,official_website,official_website → physical_store,high,
lsy-lamsamyick,三友藥妝Tomod's 南港LaLaPort門市,stockist,臺北市,104台北市南港區經貿二路131號B1F,,https://www.lsy031.com/physical_store.php,official_website,official_website → physical_store,high,
lsy-lamsamyick,三友藥妝Tomod's 內湖CITYLINK店,stockist,臺北市,114臺北市內湖區成功路四段188號1F,,https://www.lsy031.com/physical_store.php,official_website,official_website → physical_store,high,
lsy-lamsamyick,三友藥妝Tomod's 新店裕隆城店,stockist,新北市,新北市新店區中興路三段70號6F,,https://www.lsy031.com/physical_store.php,official_website,official_website → physical_store,high,
lsy-lamsamyick,三友藥妝Tomod's 林口三井一店,stockist,新北市,新北市林口區文化三路一段356號B1,,https://www.lsy031.com/physical_store.php,official_website,official_website → physical_store,high,
lsy-lamsamyick,三友藥妝Tomod's 新竹巨城店,stockist,新竹市,300新竹市中央路229號5樓,,https://www.lsy031.com/physical_store.php,official_website,official_website → physical_store,high,
lsy-lamsamyick,三友藥妝Tomod's 台中新光三越,stockist,臺中市,407台中市西屯區臺灣大道三段301號6F,,https://www.lsy031.com/physical_store.php,official_website,official_website → physical_store,high,
lsy-lamsamyick,三友藥妝Tomod's 台中三井中港店,stockist,臺中市,435臺中市梧棲區臺灣大道十段168號,,https://www.lsy031.com/physical_store.php,official_website,official_website → physical_store,high,
lsy-lamsamyick,三友藥妝Tomod's 台南三井店,stockist,臺南市,711臺南市歸仁區武東里歸仁大道101號3樓,,https://www.lsy031.com/physical_store.php,official_website,official_website → physical_store,high,
lsy-lamsamyick,三友藥妝Tomod's 台南南紡店,stockist,臺南市,701臺南市東區中華東路一段366號4樓,,https://www.lsy031.com/physical_store.php,official_website,official_website → physical_store,high,
lsy-lamsamyick,台南林百貨 2F,stockist,臺南市,700台南市中西區忠義路二段63號2樓,,https://www.lsy031.com/physical_store.php,official_website,official_website → physical_store,high,
lsy-lamsamyick,台北南西誠品 EXPO 4F,stockist,臺北市,104台北市中山區南京西路14號4樓,,https://www.lsy031.com/physical_store.php,official_website,official_website → physical_store,high,
lsy-lamsamyick,桃園台茂誠品店,stockist,桃園市,桃園市蘆竹區南崁路一段112號6樓,,https://www.lsy031.com/physical_store.php,official_website,official_website → physical_store,high,
lsy-lamsamyick,梁山泊壹零捌｜台灣文創小百貨,stockist,臺北市,103臺北市大同區迪化街一段108號,,https://www.lsy031.com/physical_store.php,official_website,official_website → physical_store,high,
lsy-lamsamyick,桃園機場 漫遊台灣,stockist,桃園市,337桃園市大園區航站南路15號3樓南側（第一航廈）,,https://www.lsy031.com/physical_store.php,official_website,official_website → physical_store,high,
lsy-lamsamyick,大春煉皂,stockist,臺北市,103台北市大同區延平北路二段197號9F-3,,https://www.lsy031.com/physical_store.php,official_website,official_website → physical_store,high,
laoshan-collector,原石商行,stockist,高雄市,高雄市鹽埕區光榮街7巷7號,,https://www.instagram.com/laoshan.collector/,retailer_website,retailer_website → current_brand_listing,medium,
theran,Maison Ran,direct_store,臺北市,台北市大安區通化街173巷19號1樓,https://www.theran.tw/pages/offline-stores,https://www.theran.tw/pages/offline-stores,official_website,official_website → offline_stores,high,
theran,Ran 新竹巨城 5F 櫃位,department_store_counter,新竹市,新竹市中央路229號5F,,https://www.theran.tw/pages/offline-stores,official_website,official_website → offline_stores,high,
theran,Ran 誠品生活南西 3F 櫃位,department_store_counter,臺北市,台北市中山區南京西路14號3F,,https://www.theran.tw/pages/offline-stores,official_website,official_website → offline_stores,high,
murou,A SCENT,stockist,臺北市,台北市大安區大安路一段51巷50號1樓,,https://www.instagram.com/murou.tw/,official_social_post,official_instagram → current_physical_partner,medium,品牌官方社群列為實體合作點。
just-herb,南京門市,direct_store,臺北市,台北市南京東路二段58號,https://www.justherb.com.tw/pages/stores,https://www.justherb.com.tw/pages/stores,official_website,official_website → stores,high,
just-herb,民生門市,direct_store,臺北市,台北市民生東路四段51號,https://www.justherb.com.tw/pages/stores,https://www.justherb.com.tw/pages/stores,official_website,official_website → stores,high,
just-herb,南門門市,direct_store,臺北市,台北市羅斯福路一段38號,https://www.justherb.com.tw/pages/stores,https://www.justherb.com.tw/pages/stores,official_website,official_website → stores,high,
just-herb,忠孝門市,direct_store,臺北市,台北市忠孝東路四段278號,https://www.justherb.com.tw/pages/stores,https://www.justherb.com.tw/pages/stores,official_website,official_website → stores,high,
just-herb,台大門市,direct_store,臺北市,台北市新生南路三段96之5號,https://www.justherb.com.tw/pages/stores,https://www.justherb.com.tw/pages/stores,official_website,official_website → stores,high,
just-herb,東門門市,direct_store,臺北市,台北市大安區信義路二段242號,https://www.justherb.com.tw/pages/stores,https://www.justherb.com.tw/pages/stores,official_website,official_website → stores,high,
just-herb,新店門市,direct_store,新北市,新北市新店區北新路三段59號1樓,https://www.justherb.com.tw/pages/stores,https://www.justherb.com.tw/pages/stores,official_website,official_website → stores,high,
just-herb,復興門市,direct_store,新竹市,新竹市復興路25號,https://www.justherb.com.tw/pages/stores,https://www.justherb.com.tw/pages/stores,official_website,official_website → stores,high,
just-herb,精誠門市,direct_store,臺中市,台中市西區精誠路17號,https://www.justherb.com.tw/pages/stores,https://www.justherb.com.tw/pages/stores,official_website,official_website → stores,high,
just-herb,中山門市,direct_store,嘉義市,嘉義市西區中山路397號,https://www.justherb.com.tw/pages/stores,https://www.justherb.com.tw/pages/stores,official_website,official_website → stores,high,
just-herb,文化門市,direct_store,高雄市,高雄市廣州一街141-7號,https://www.justherb.com.tw/pages/stores,https://www.justherb.com.tw/pages/stores,official_website,official_website → stores,high,
just-herb,明誠門市,direct_store,高雄市,高雄市明誠二路190號,https://www.justherb.com.tw/pages/stores,https://www.justherb.com.tw/pages/stores,official_website,official_website → stores,high,
just-herb,新光三越台北信義A8館專櫃,department_store_counter,臺北市,台北市松高路12號新光三越信義A8館6F,,https://www.justherb.com.tw/pages/stores,official_website,official_website → stores,high,
just-herb,遠東SOGO台北忠孝館專櫃,department_store_counter,臺北市,台北市忠孝東路四段45號SOGO百貨9樓,,https://www.justherb.com.tw/pages/stores,official_website,official_website → stores,high,
just-herb,新光三越台北南西一館專櫃,department_store_counter,臺北市,台北市南京西路12號新光三越一館7F,,https://www.justherb.com.tw/pages/stores,official_website,official_website → stores,high,
just-herb,新光三越台北站前店專櫃,department_store_counter,臺北市,台北市忠孝西路一段66號新光三越9F,,https://www.justherb.com.tw/pages/stores,official_website,official_website → stores,high,
just-herb,美麗華百樂園專櫃,department_store_counter,臺北市,台北市敬業三路20號美麗華百樂園1樓,,https://www.justherb.com.tw/pages/stores,official_website,official_website → stores,high,
just-herb,大葉高島屋專櫃,department_store_counter,臺北市,台北市忠誠路二段55號大葉高島屋1樓,,https://www.justherb.com.tw/pages/stores,official_website,official_website → stores,high,
just-herb,板橋大遠百專櫃,department_store_counter,新北市,新北市板橋區新站路28號7F,,https://www.justherb.com.tw/pages/stores,official_website,official_website → stores,high,
just-herb,桃園遠東百貨專櫃,department_store_counter,桃園市,桃園市桃園區中正路20號11樓,,https://www.justherb.com.tw/pages/stores,official_website,official_website → stores,high,
just-herb,遠東SOGO中壢專櫃,department_store_counter,桃園市,桃園市中壢區元化路357號4樓,,https://www.justherb.com.tw/pages/stores,official_website,official_website → stores,high,
just-herb,遠東SOGO新竹店專櫃,department_store_counter,新竹市,新竹市東區中央路239號2F,,https://www.justherb.com.tw/pages/stores,official_website,official_website → stores,high,
just-herb,遠百竹北店專櫃,department_store_counter,新竹縣,新竹縣竹北市莊敬北路18號5樓,,https://www.justherb.com.tw/pages/stores,official_website,official_website → stores,high,
just-herb,台中大遠百店專櫃,department_store_counter,臺中市,台中市台灣大道三段251號8F,,https://www.justherb.com.tw/pages/stores,official_website,official_website → stores,high,
just-herb,新光三越台中中港店專櫃,department_store_counter,臺中市,台中市台灣大道三段301號7F,,https://www.justherb.com.tw/pages/stores,official_website,official_website → stores,high,
just-herb,台中中友百貨專櫃,department_store_counter,臺中市,台中市北區三民路三段161號中友百貨12樓B棟,,https://www.justherb.com.tw/pages/stores,official_website,official_website → stores,high,
just-herb,漢神洲際購物廣場專櫃,department_store_counter,臺中市,台中市北屯區崇德路三段865號B1,,https://www.justherb.com.tw/pages/stores,official_website,official_website → stores,high,
just-herb,南紡購物中心專櫃,department_store_counter,臺南市,台南市中華東路一段366號1樓,,https://www.justherb.com.tw/pages/stores,official_website,official_website → stores,high,
just-herb,新光三越台南新天地專櫃,department_store_counter,臺南市,台南市西門路一段658號B1,,https://www.justherb.com.tw/pages/stores,official_website,official_website → stores,high,
just-herb,漢神巨蛋專櫃,department_store_counter,高雄市,高雄市左營區博愛二路777號B1,,https://www.justherb.com.tw/pages/stores,official_website,official_website → stores,high,
just-herb,新光三越左營店專櫃,department_store_counter,高雄市,高雄市高鐵路123號新光三越8樓,,https://www.justherb.com.tw/pages/stores,official_website,official_website → stores,high,
tint-studio,expo SELECT 誠品生活南西,stockist,臺北市,台北市中山區南京西路14號4F,,https://www.instagram.com/tintstudio.tw/,official_social_post,official_instagram → current_stockist_post,medium,
tint-studio,expo R79,stockist,臺北市,台北市大同區南京西路16號B1,,https://www.instagram.com/tintstudio.tw/,official_social_post,official_instagram → current_stockist_post,medium,
petit-petit,誠品expo SELECT 誠品生活南西,stockist,臺北市,台北市中山區南京西路14號4F,,https://www.petit.com.tw/pages/stores,official_website,official_website → stores,high,
petit-petit,誠品 expo SELECT 松菸店,stockist,臺北市,台北市信義區菸廠路88號2F,,https://www.petit.com.tw/pages/stores,official_website,official_website → stores,high,
petit-petit,誠品expo BEAUTY 京站店,stockist,臺北市,台北市大同區承德路一段1號B1,,https://www.petit.com.tw/pages/stores,official_website,official_website → stores,high,
petit-petit,誠品expo R79店,stockist,臺北市,台北市大同區南京西路16號B1,,https://www.petit.com.tw/pages/stores,official_website,official_website → stores,high,
petit-petit,TSUTAYA BOOKSTORE 內湖店,stockist,臺北市,台北市內湖區成功路四段188號1F,,https://www.petit.com.tw/pages/stores,official_website,official_website → stores,high,
petit-petit,TSUTAYA BOOKSTORE 南港店,stockist,臺北市,台北市南港區忠孝東路七段369號2F,,https://www.petit.com.tw/pages/stores,official_website,official_website → stores,high,
petit-petit,未來市 The Gala Asia 華山,stockist,臺北市,台北市中正區八德路一段1號,,https://www.petit.com.tw/pages/stores,official_website,official_website → stores,high,
petit-petit,NCPI 未來市 The Gala Asia,stockist,臺北市,台北市中正區忠孝西路一段70號1樓,,https://www.petit.com.tw/pages/stores,official_website,official_website → stores,high,
petit-petit,誠品expo 林口三井店,stockist,新北市,新北市林口區文化三路一段356號1F,,https://www.petit.com.tw/pages/stores,official_website,official_website → stores,high,
petit-petit,誠品宜蘭店,stockist,宜蘭縣,宜蘭縣宜蘭市民權路二段38巷6號3F,,https://www.petit.com.tw/pages/stores,official_website,official_website → stores,high,
petit-petit,誠品expo 桃園統領店,stockist,桃園市,桃園市桃園區中正路61號4F,,https://www.petit.com.tw/pages/stores,official_website,official_website → stores,high,
petit-petit,誠品expo 桃園台茂店,stockist,桃園市,桃園市蘆竹區南崁路一段112號6F,,https://www.petit.com.tw/pages/stores,official_website,official_website → stores,high,
petit-petit,TSUTAYA BOOKSTORE 桃園藝文店,stockist,桃園市,桃園市桃園區南平路301號1樓,,https://www.petit.com.tw/pages/stores,official_website,official_website → stores,high,
petit-petit,誠品expo SELECT 巨城店,stockist,新竹市,新竹市中央路229號5F,,https://www.petit.com.tw/pages/stores,official_website,official_website → stores,high,
petit-petit,TSUTAYA BOOKSTORE 新竹湳雅店,stockist,新竹市,新竹市北區大雅路88號B1,,https://www.petit.com.tw/pages/stores,official_website,official_website → stores,high,
petit-petit,誠品expo BEAUTY 園道店,stockist,臺中市,台中市西區公益路68號3F,,https://www.petit.com.tw/pages/stores,official_website,official_website → stores,high,
petit-petit,TSUTAYA BOOKSTORE 台中市政店,stockist,臺中市,台中市西屯區市政北二路18之1號2-3F,,https://www.petit.com.tw/pages/stores,official_website,official_website → stores,high,
petit-petit,誠品expo 台中中友店,stockist,臺中市,台中市北區三民路三段161號11F,,https://www.petit.com.tw/pages/stores,official_website,official_website → stores,high,
petit-petit,誠品生活480,stockist,臺中市,台中市西屯區市政路480號4F,,https://www.petit.com.tw/pages/stores,official_website,official_website → stores,high,
petit-petit,萃山尋選物店,stockist,臺中市,台中市西區向上北路129號,,https://www.petit.com.tw/pages/stores,official_website,official_website → stores,high,
petit-petit,誠品expo 南紡店,stockist,臺南市,台南市東區中華東路一段366號2F,,https://www.petit.com.tw/pages/stores,official_website,official_website → stores,high,
petit-petit,誠品expo SELECT 誠品生活台南,stockist,臺南市,台南市南區中華西路一段76號1F,,https://www.petit.com.tw/pages/stores,official_website,official_website → stores,high,
petit-petit,誠品expo 駁二店,stockist,高雄市,高雄市鹽埕區大勇路3號 C4倉庫,,https://www.petit.com.tw/pages/stores,official_website,official_website → stores,high,
petit-petit,TSUTAYA BOOKSTORE 高雄大立店,stockist,高雄市,高雄市前金區五福三路57號1-2F,,https://www.petit.com.tw/pages/stores,official_website,official_website → stores,high,
petit-petit,內惟藝術中心 Neiwei Arts Center,stockist,高雄市,高雄市鼓山區馬卡道路329號,,https://www.petit.com.tw/pages/stores,official_website,official_website → stores,high,
petit-petit,昇恆昌 桃園機場二航廈,stockist,桃園市,桃園市大園區航站南路9號 二航C8登機門書店,,https://www.petit.com.tw/pages/stores,official_website,official_website → stores,high,
petit-petit,誠品生活日本橋 - 生活市集,stockist,日本東京都,東京都中央區日本橋室町3-2-1 COREDO室町テラス2F,,https://www.petit.com.tw/pages/stores,official_website,official_website → stores,high,
kuai-shan-fang,圓山總公司（品牌體驗店）,showroom_studio,臺北市,103台北市大同區承德路三段267號9樓,https://www.bio-god.com.tw/findus,https://www.bio-god.com.tw/findus,official_website,official_website → findus → direct_locations,high,商品非全品項；官方建議先預約。
kuai-shan-fang,台北誠品松菸直營門市,department_store_counter,臺北市,110台北市信義區菸廠路88號2樓,https://www.bio-god.com.tw/findus,https://www.bio-god.com.tw/findus,official_website,official_website → findus → direct_locations,high,
kuai-shan-fang,新北誠品新店直營門市,department_store_counter,新北市,231新北市新店區中興路三段70號2樓,https://www.bio-god.com.tw/findus,https://www.bio-god.com.tw/findus,official_website,official_website → findus → direct_locations,high,
kuai-shan-fang,台中Lalaport直營門市,department_store_counter,臺中市,401台中市東區進德路600號北館2樓,https://www.bio-god.com.tw/findus,https://www.bio-god.com.tw/findus,official_website,official_website → findus → direct_locations,high,
kuai-shan-fang,MITSUI OUTLET PARK 台南直營門市,shop_in_shop,臺南市,711臺南市歸仁區歸仁大道101號1樓,https://www.bio-god.com.tw/findus,https://www.bio-god.com.tw/findus,official_website,official_website → findus → direct_locations,high,
kuai-shan-fang,北投文物館,stockist,臺北市,台北市北投區幽雅路32號,,https://www.bio-god.com.tw/findus,official_website,official_website → findus → cooperation_locations,high,
kuai-shan-fang,京站時尚廣場 expo BEAUTY 京站店,stockist,臺北市,台北市大同區承德路一段1號B1,,https://www.bio-god.com.tw/findus,official_website,official_website → findus → cooperation_locations,high,
kuai-shan-fang,TAIWAN DESIGN LAB x SCLOUD,stockist,臺北市,104台北市中山區樂群二路199號2樓,,https://www.bio-god.com.tw/findus,official_website,official_website → findus → cooperation_locations,high,
kuai-shan-fang,TSUTAYA BOOKSTORE 信義店,stockist,臺北市,台北市信義區忠孝東路五段8號5樓,,https://www.bio-god.com.tw/findus,official_website,official_website → findus → cooperation_locations,high,
kuai-shan-fang,金蓬萊遵古台菜餐廳,stockist,臺北市,台北市士林區天母東路101號,,https://www.bio-god.com.tw/findus,official_website,official_website → findus → cooperation_locations,high,
kuai-shan-fang,稻舍食館 Rice & Shine 迪化店,stockist,臺北市,台北市大同區迪化街一段329號,,https://www.bio-god.com.tw/findus,official_website,official_website → findus → cooperation_locations,high,
kuai-shan-fang,台北天成大飯店 天成17 CAFE,stockist,臺北市,台北市忠孝西路一段43號1樓,,https://www.bio-god.com.tw/findus,official_website,official_website → findus → cooperation_locations,high,
kuai-shan-fang,天和鮮物-海島食堂旗艦店,stockist,臺北市,台北市中正區北平東路30號1樓,,https://www.bio-god.com.tw/findus,official_website,official_website → findus → cooperation_locations,high,
kuai-shan-fang,台灣禮品館,stockist,臺北市,台北市中正區南海路41號2樓,,https://www.bio-god.com.tw/findus,official_website,official_website → findus → cooperation_locations,high,
kuai-shan-fang,聯安預防醫學機構,stockist,臺北市,105台北市松山區南京東路四段16號B2,,https://www.bio-god.com.tw/findus,official_website,official_website → findus → cooperation_locations,high,
kuai-shan-fang,豐曜 陶藝廊茶空間-板橋大遠百,stockist,新北市,新北市板橋區新站路28號7樓,,https://www.bio-god.com.tw/findus,official_website,official_website → findus → cooperation_locations,high,
kuai-shan-fang,新村芳書院,stockist,新北市,新北市瑞芳區瑞芳街37號,,https://www.bio-god.com.tw/findus,official_website,official_website → findus → cooperation_locations,high,
kuai-shan-fang,大學市集（酷點市集）,stockist,新北市,新北市板橋區樂群路18號,,https://www.bio-god.com.tw/findus,official_website,official_website → findus → cooperation_locations,high,
kuai-shan-fang,桃園國際機場 原住民精藝品展售館,stockist,桃園市,桃園市大園區航站南路9號第一航廈3樓,,https://www.bio-god.com.tw/findus,official_website,official_website → findus → cooperation_locations,high,
kuai-shan-fang,桃園國際機場 新東陽-台灣特色商品館,stockist,桃園市,桃園市大園區航站南路9號第一航廈3樓,,https://www.bio-god.com.tw/findus,official_website,official_website → findus → cooperation_locations,high,
kuai-shan-fang,南方莊園渡假飯店 精品部,stockist,桃園市,桃園市中壢區樹籽路8號,,https://www.bio-god.com.tw/findus,official_website,official_website → findus → cooperation_locations,high,
kuai-shan-fang,綠市場 Whole Greens,stockist,桃園市,桃園市龜山區文興路130號,,https://www.bio-god.com.tw/findus,official_website,official_website → findus → cooperation_locations,high,
kuai-shan-fang,誠品生活480 expo SELECT,stockist,臺中市,台中巿西屯區市政路480號4樓,,https://www.bio-god.com.tw/findus,official_website,official_website → findus → cooperation_locations,high,
kuai-shan-fang,勤美誠品綠園道 expo誠品生活文創平台,stockist,臺中市,台中市西區公益路68號B2,,https://www.bio-god.com.tw/findus,official_website,official_website → findus → cooperation_locations,high,
kuai-shan-fang,TSUTAYA BOOKSTORE 台中市政店,stockist,臺中市,台中市西屯區市政北二路18之1號2-3樓,,https://www.bio-god.com.tw/findus,official_website,official_website → findus → cooperation_locations,high,
kuai-shan-fang,HOHOCHA喝喝茶,stockist,南投縣,南投縣魚池鄉魚池街443-36號,,https://www.bio-god.com.tw/findus,official_website,official_website → findus → cooperation_locations,high,
kuai-shan-fang,米堤大飯店 精品部,stockist,南投縣,南投縣鹿谷鄉米堤街1號B3,,https://www.bio-god.com.tw/findus,official_website,official_website → findus → cooperation_locations,high,
kuai-shan-fang,阿里山賓館 精品部,stockist,嘉義縣,嘉義縣阿里山鄉香林村16號1F,,https://www.bio-god.com.tw/findus,official_website,official_website → findus → cooperation_locations,high,
kuai-shan-fang,檜意森活村,stockist,嘉義市,嘉義市東區共和路199巷9號 T04A奇木風景館,,https://www.bio-god.com.tw/findus,official_website,official_website → findus → cooperation_locations,high,
kuai-shan-fang,昭和十八J18-嘉義市史蹟資料館,stockist,嘉義市,嘉義市東區公園街42號,,https://www.bio-god.com.tw/findus,official_website,official_website → findus → cooperation_locations,high,
kuai-shan-fang,嘉義1912奮起湖機關車庫-薰衣草森林販售處,stockist,嘉義縣,嘉義縣竹崎鄉166號,,https://www.bio-god.com.tw/findus,official_website,official_website → findus → cooperation_locations,high,
kuai-shan-fang,林好商店,stockist,臺南市,台南市中西區中正路31號2樓,,https://www.bio-god.com.tw/findus,official_website,official_website → findus → cooperation_locations,high,
kuai-shan-fang,樂森藥局,stockist,臺南市,台南市北區和緯路二段336號,,https://www.bio-god.com.tw/findus,official_website,official_website → findus → cooperation_locations,high,
kuai-shan-fang,青木工坊（臺灣傳藝店）,stockist,宜蘭縣,宜蘭縣五結鄉五濱路二段201號傳習所3館,,https://www.bio-god.com.tw/findus,official_website,official_website → findus → cooperation_locations,high,
kuai-shan-fang,誠品生活日本橋,stockist,日本東京都,東京都中央區日本橋室町3-2-1 COREDO室町テラス2F,,https://www.bio-god.com.tw/findus,official_website,official_website → findus → cooperation_locations,high,
zuyun,竹云沉香 台南大遠百成功店 6F,department_store_counter,臺南市,臺南市東區前鋒路210號6F,,https://www.zuyunincense.com/pages/the-journey-of-zhuyun-1,official_website,official_website → journey → current_stores,high,
zuyun,竹云沉香 高雄漢神百貨店 6F,department_store_counter,高雄市,高雄市前金區成功一路266號6F,,https://www.zuyunincense.com/pages/the-journey-of-zhuyun-1,official_website,official_website → journey → current_stores,high,
zuyun,竹云沉香 高雄夢時代店 3F,department_store_counter,高雄市,高雄市前鎮區中華五路789號夢時代-統一時代百貨區3F,,https://www.zuyunincense.com/pages/the-journey-of-zhuyun-1,official_website,official_website → journey → current_stores,high,
eco-hukurou,福來朗 HUKUROU 實體門市,direct_store,臺中市,台中市西屯區環河路21號,https://www.instagram.com/eco_hukurou/,https://www.instagram.com/eco_hukurou/,instagram_bio,instagram_profile → current_physical_store,high,
lin-yuan-mai,林源美香舖,direct_store,雲林縣,雲林縣斗六市中華路74號,https://linktr.ee/yuan_incense1876,https://www.iyp.com.tw/055322683,directory,official_linktree → current_business_directory,medium,品牌身分由官方 Linktree／社群交叉驗證；地址由現行商業名錄確認。
arozma,吃咖 Chikafe,stockist,臺北市,103 台灣臺北市大同區長安西路220巷1號,,https://arozma.com/retail-locations/,official_website,official_website → retail_locations,high,
arozma,花嶼輕食館 Flower Island Brunch,stockist,臺北市,111 台灣臺北市士林區中正路235巷9號,,https://arozma.com/retail-locations/,official_website,official_website → retail_locations,high,
arozma,台南微醺文旅 Tainan Weshare Hotel,stockist,臺南市,700 台灣臺南市中西區大德街28號,,https://arozma.com/retail-locations/,official_website,official_website → retail_locations,high,
annluya,安綠雅 台中崇德門市,direct_store,臺中市,台中市北屯區崇德路二段338號,https://www.annluya.com/faq.php?cid=45&lang=tw&tb=1,https://www.annluya.com/faq.php?cid=45&lang=tw&tb=1,official_website,official_website → faq → store,high,
clean-clean,淨淨 CleanClean 竹南旗艦店,direct_store,苗栗縣,350苗栗縣竹南鎮立達街146號1樓,https://www.cleanclean.tw/pages/flagship-store,https://www.cleanclean.tw/pages/flagship-store,official_website,official_website → flagship_store,high,
